number,l1,l2,l3,l4,l5,l6,l7,l8,l9,l10,coder
1,Y,P,C,S,N,N,,,,,1
1,Y,P,P,S,N,Y,P,C,S,N,5
1,Y,P,C,S,N,N,,,,,7
1,Y,P,C,S,N,N,,,,,2
1,Y,P,C,S,N,N,,,,,3
1,Y,P,C,S,N,Y,P,P,S,N,4
1,Y,P,C,M,N,N,,,,,6
2,N,N,,,,,,,,,1
2,N,,,,,N,,,,,5
2,Y,S,C,S,N,N,,,,,7
2,Y,S,C,S,Y,N,,,,,2
2,N,,,,,N,,,,,3
2,Y,S,C,M,N,N,,,,,4
2,N,,,,,Y,S,P,M,N,6
3,Y,P,C,S,Y,N,,,,,1
3,Y,P,C,S,Y,N,,,,,5
3,Y,P,C,S,Y,N,,,,,7
3,Y,S,C,S,N,N,,,,,2
3,Y,P,C,S,Y,N,,,,,3
3,Y,P,C,S,Y,N,,,,,4
3,Y,P,C,S,Y,N,,,,,6
4,N,,,,,Y,P,P,M,Y,1
4,N,,,,,Y,P,P,M,N,5
4,N,,,,,Y,P,P,M,N,7
4,N,,,,,Y,P,C,M,Y,2
4,N,,,,,Y,P,C,M,Y,3
4,N,,,,,Y,P,C,S,Y,4
4,N,,,,,Y,P,P,M,Y,6
5,Y,SNL,C,S,Y,N,,,,,1
5,Y,P,C,S,Y,N,,,,,5
5,Y,SNL,C,S,Y,N,,,,,7
5,Y,SNL,P,S,Y,N,,,,,2
5,Y,P,C,S,Y,N,,,,,3
5,Y,P,C,S,Y,Y,SNL,P,S,Y,4
5,Y,P,C,S,Y,N,,,,,6
6,Y,P,P,M,N,N,,,,,1
6,Y,P,C,S,N,N,,,,,5
6,Y,S,C,S,Y,N,,,,,7
6,Y,S,C,M,Y,N,,,,,2
6,N,,,,,Y,S,C,M,Y,3
6,Y,P,C,M,N,N,,,,,4
6,Y,P,C,M,N,N,,,,,6
7,Y,P,C,S,Y,Y,SNL,P,S,Y,1
7,Y,P,C,S,Y,N,,,,,5
7,Y,P,P,S,Y,N,,,,,7
7,Y,S,C,S,Y,N,,,,,2
7,Y,P,C,S,Y,N,,,,,3
7,Y,P,C,S,Y,Y,SNL,P,M,Y,4
7,Y,P,C,S,Y,N,,,,,6
8,Y,P,P,S,N,N,,,,,1
8,Y,P,C,S,N,N,,,,,5
8,Y,P,P,S,N,N,,,,,7
8,Y,P,C,S,N,N,,,,,2
8,Y,P,C,S,N,N,,,,,3
8,Y,P,C,S,N,N,,,,,4
8,N,,,,,N,,,,,6
9,Y,P,C,S,N,N,,,,,1
9,Y,P,C,S,N,N,,,,,5
9,Y,P,P,M,N,N,,,,,7
9,Y,P,C,S,N,N,,,,,2
9,Y,P,C,S,N,N,,,,,3
9,Y,P,C,S,N,N,,,,,4
9,N,,,,,N,,,,,6
10,Y,P,P,S,N,N,,,,,1
10,N,,,,,N,,,,,5
10,Y,S,C,S,Y,N,,,,,7
10,Y,S,C,M,Y,N,,,,,2
10,N,,,,,Y,S,C,M,Y,3
10,Y,S,C,M,N,N,,,,,4
10,Y,P,C,M,N,N,,,,,6
11,Y,P,C,S,N,N,,,,,1
11,Y,P,C,S,N,N,,,,,5
11,Y,P,C,S,Y,N,,,,,7
11,Y,P,C,S,Y,N,,,,,2
11,Y,P,C,S,N,N,,,,,3
11,Y,P,C,S,Y,N,,,,,4
11,Y,P,C,M,N,N,,,,,6
12,N,,,,,Y,P,C,M,Y,1
12,N,,,,,Y,P,C,M,Y,5
12,N,,,,,Y,P,C,M,Y,7
12,N,,,,,N,,,,,2
12,N,,,,,Y,P,C,M,Y,3
12,N,,,,,Y,P,C,M,Y,4
12,N,,,,,Y,P,C,M,Y,6
13,Y,P,P,S,N,N,,,,,1
13,N,,,,,N,,,,,5
13,Y,P,P,S,Y,N,,,,,7
13,N,,,,,Y,A,C,S,Y,2
13,Y,P,C,S,Y,N,,,,,3
13,Y,A,C,S,N,Y,A,P,S,N,4
13,Y,A,C,S,Y,Y,A,C,S,Y,6
14,Y,P,P,S,N,Y,S,C,S,Y,1
14,N,,,,,N,,,,,5
14,N,,,,,Y,S,P,M,Y,7
14,N,,,,,N,,,,,2
14,Y,P,C,S,Y,N,,,,,3
14,Y,P,P,S,N,Y,P,C,M,Y,4
14,N,,,,,Y,P,C,M,Y,6
15,N,,,,,N,,,,,1
15,N,,,,,N,,,,,5
15,N,,,,,N,,,,,7
15,N,,,,,N,,,,,2
15,N,,,,,N,,,,,3
15,Y,P,P,M,N,N,,,,,4
15,N,,,,,N,,,,,6
16,Y,S,P,S,N,Y,S,C,S,Y,1
16,N,,,,,Y,S,C,S,N,5
16,Y,P,P,S,Y,Y,S,C,S,Y,7
16,N,,,,,Y,S,C,S,Y,2
16,Y,P,C,S,Y,Y,S,C,S,Y,3
16,Y,S,P,S,Y,Y,S,C,M,Y,4
16,Y,S,P,S,Y,Y,S,C,M,Y,6
17,Y,S,P,S,N,N,,,,,1
17,N,,,,,Y,P,C,S,N,5
17,Y,S,P,S,N,Y,S,C,M,Y,7
17,Y,S,C,S,N,N,,,,,2
17,Y,P,P,S,N,Y,P,C,S,N,3
17,Y,P,P,S,N,Y,S,C,S,N,4
17,Y,S,P,M,N,N,,,,,6
18,Y,I,P,S,N,N,,,,,1
18,N,,,,,N,,,,,5
18,Y,P,P,S,Y,N,,,,,7
18,N,,,,,Y,S,P,S,N,2
18,Y,P,C,S,Y,N,,,,,3
18,Y,S,P,S,N,Y,S,C,M,N,4
18,N,,,,,N,,,,,6
19,Y,P,C,S,N,N,,,,,1
19,Y,P,C,S,N,N,,,,,5
19,Y,P,C,S,N,N,,,,,7
19,Y,P,C,S,Y,N,,,,,2
19,Y,P,C,S,N,N,,,,,3
19,Y,P,C,S,Y,N,,,,,4
19,Y,P,C,S,N,N,,,,,6
20,N,,,,,N,,,,,1
20,N,,,,,N,,,,,5
20,N,,,,,Y,S,C,M,N,7
20,N,,,,,Y,A,P,S,N,2
20,Y,P,C,S,Y,N,,,,,3
20,Y,A,C,S,N,Y,P,P,M,N,4
20,N,,,,,Y,S,P,M,Y,6
21,Y,P,P,S,Y,Y,SNL,C,S,Y,1
21,N,,,,,Y,SNL,C,S,Y,5
21,Y,P,P,S,Y,Y,S,C,S,Y,7
21,N,,,,,Y,S,C,S,N,2
21,Y,P,C,S,Y,N,,,,,3
21,Y,P,P,S,N,Y,SNL,C,M,Y,4
21,N,,,,,Y,S,C,M,Y,6
22,Y,P,P,S,N,N,,,,,1
22,N,,,,,N,,,,,5
22,Y,P,P,S,N,Y,S,C,S,Y,7
22,N,,,,,N,,,,,2
22,Y,P,C,S,N,N,,,,,3
22,Y,P,P,S,N,Y,S,C,M,N,4
22,N,,,,,N,,,,,6
23,Y,P,C,S,N,N,,,,,1
23,Y,P,C,M,N,N,,,,,5
23,Y,P,C,S,N,N,,,,,7
23,Y,P,C,S,N,N,,,,,2
23,Y,P,C,S,N,N,,,,,3
23,Y,P,C,S,N,N,,,,,4
23,N,,,,,N,,,,,6
24,Y,P,C,M,N,N,,,,,1
24,Y,P,C,M,N,N,,,,,5
24,N,,,,,Y,S,C,M,Y,7
24,Y,P,C,M,N,N,,,,,2
24,Y,S,C,M,Y,N,,,,,3
24,Y,P,C,M,N,N,,,,,4
24,Y,P,C,M,N,N,,,,,6
25,Y,P,P,M,N,N,,,,,1
25,Y,P,C,S,N,N,,,,,5
25,N,,,,,Y,P,C,M,Y,7
25,Y,P,C,S,N,N,,,,,2
25,Y,P,C,S,Y,N,,,,,3
25,Y,P,C,S,N,N,,,,,4
25,Y,P,C,M,N,N,,,,,6
26,N,,,,,N,,,,,1
26,Y,S,C,S,N,Y,S,P,M,Y,5
26,N,,,,,Y,S,P,M,N,7
26,Y,P,P,M,N,N,,,,,2
26,N,,,,,Y,P,C,S,Y,3
26,Y,P,P,S,Y,Y,P,C,M,Y,4
26,N,,,,,N,,,,,6
27,Y,S,C,S,N,N,,,,,1
27,N,,,,,N,,,,,5
27,Y,S,C,S,N,Y,S,C,S,N,7
27,N,,,,,Y,S,C,S,N,2
27,Y,P,C,S,N,Y,P,C,S,Y,3
27,Y,S,P,S,N,Y,S,C,M,Y,4
27,N,,,,,N,,,,,6
28,N,,,,,N,,,,,1
28,N,,,,,N,,,,,5
28,N,,,,,Y,P,C,M,N,7
28,N,,,,,N,,,,,2
28,N,,,,,Y,S,C,S,Y,3
28,N,,,,,Y,P,C,M,N,4
28,N,,,,,N,,,,,6
29,N,,,,,N,,,,,1
29,N,,,,,Y,A,C,M,N,5
29,N,,,,,Y,A,C,M,Y,7
29,N,,,,,N,,,,,2
29,N,,,,,Y,A,C,M,N,3
29,N,,,,,Y,A,C,M,N,4
29,N,,,,,Y,A,P,M,N,6
30,Y,S,C,M,Y,N,,,,,1
30,Y,S,C,M,Y,N,,,,,5
30,Y,S,C,M,Y,N,,,,,7
30,Y,P,C,M,Y,N,,,,,2
30,Y,S,C,M,Y,N,,,,,3
30,Y,P,C,M,Y,N,,,,,4
30,Y,P,C,M,Y,N,,,,,6
31,Y,S,P,M,Y,Y,S,C,M,Y,1
31,N,,,,,N,,,,,5
31,N,,,,,Y,S,C,S,Y,7
31,N,,,,,N,,,,,2
31,N,,,,,Y,S,C,S,Y,3
31,Y,P,P,M,Y,Y,S,C,M,Y,4
31,N,,,,,Y,S,C,M,Y,6
32,Y,P,P,S,Y,N,,,,,1
32,Y,S,C,M,N,N,,,,,5
32,Y,S,C,S,N,N,,,,,7
32,Y,S,C,S,N,N,,,,,2
32,Y,P,C,M,Y,N,,,,,3
32,Y,S,C,S,N,N,,,,,4
32,Y,S,P,S,Y,N,,,,,6
33,Y,P,C,S,Y,N,,,,,1
33,Y,S,C,S,Y,N,,,,,5
33,Y,S,C,S,Y,N,,,,,7
33,Y,P,C,M,Y,N,,,,,2
33,Y,S,C,M,Y,N,,,,,3
33,Y,P,C,M,Y,N,,,,,4
33,Y,P,C,M,Y,N,,,,,6
34,Y,P,C,S,N,N,,,,,1
34,Y,P,C,S,N,N,,,,,5
34,Y,P,C,S,Y,N,,,,,7
34,Y,P,C,S,N,N,,,,,2
34,Y,P,C,S,Y,N,,,,,3
34,Y,P,C,S,N,N,,,,,4
34,Y,P,C,S,N,N,,,,,6
35,N,,,,,N,,,,,1
35,N,,,,,N,,,,,5
35,N,,,,,N,,,,,7
35,N,,,,,N,,,,,2
35,N,,,,,N,,,,,3
35,N,,,,,N,,,,,4
35,N,,,,,N,,,,,6
36,N,,,,,Y,S,P,S,N,1
36,N,,,,,N,,,,,5
36,N,,,,,N,,,,,7
36,N,,,,,N,,,,,2
36,N,,,,,N,,,,,3
36,N,,,,,Y,S,C,M,N,4
36,N,,,,,N,,,,,6
37,Y,S,C,M,Y,Y,S,C,M,Y,1
37,N,,,,,Y,S,C,M,N,5
37,N,,,,,Y,S,C,S,Y,7
37,N,,,,,Y,S,C,M,Y,2
37,Y,S,P,S,Y,N,,,,,3
37,N,,,,,Y,S,P,M,Y,4
37,N,,,,,Y,S,P,M,Y,6
38,N,,,,,Y,S,C,S,N,1
38,Y,S,C,S,N,N,,,,,5
38,Y,S,C,S,Y,N,,,,,7
38,Y,S,C,S,N,N,,,,,2
38,Y,P,C,S,Y,N,,,,,3
38,Y,S,C,S,N,N,,,,,4
38,Y,P,P,M,Y,N,,,,,6
39,N,,,,,N,,,,,1
39,N,,,,,N,,,,,5
39,N,,,,,N,,,,,7
39,N,,,,,N,,,,,2
39,N,,,,,N,,,,,3
39,N,,,,,Y,S,P,M,N,4
39,N,,,,,N,,,,,6
40,Y,S,C,S,N,Y,S,C,S,N,1
40,Y,S,C,S,N,N,,,,,5
40,Y,S,C,S,N,N,,,,,7
40,Y,S,C,S,N,N,,,,,2
40,Y,P,C,S,N,N,,,,,3
40,Y,S,C,S,N,N,,,,,4
40,Y,S,C,M,N,N,,,,,6
41,Y,A,C,S,N,N,,,,,1
41,Y,A,P,M,N,N,,,,,5
41,N,,,,,Y,A,C,M,N,7
41,Y,A,C,S,N,N,,,,,2
41,Y,P,C,S,N,N,,,,,3
41,Y,A,C,S,N,N,,,,,4
41,N,,,,,N,,,,,6
42,N,,,,,N,,,,,1
42,N,,,,,N,,,,,5
42,N,,,,,N,,,,,7
42,N,,,,,N,,,,,2
42,N,,,,,N,,,,,3
42,N,,,,,Y,S,C,M,Y,4
42,N,,,,,N,,,,,6
43,N,,,,,N,,,,,1
43,N,,,,,Y,P,P,M,N,5
43,N,,,,,Y,P,C,M,N,7
43,N,,,,,Y,P,P,M,Y,2
43,N,,,,,Y,S,C,M,N,3
43,N,,,,,Y,P,C,M,Y,4
43,N,,,,,N,,,,,6
44,Y,P,C,M,Y,N,,,,,1
44,Y,S,C,S,N,N,,,,,5
44,Y,S,C,S,Y,N,,,,,7
44,Y,S,C,M,Y,N,,,,,2
44,Y,P,C,M,Y,N,,,,,3
44,Y,P,C,M,Y,N,,,,,4
44,Y,P,P,M,Y,N,,,,,6
45,Y,S,C,M,Y,N,,,,,1
45,N,,,,,Y,S,C,S,N,5
45,N,,,,,N,,,,,7
45,Y,S,C,S,Y,N,,,,,2
45,Y,P,C,M,N,N,,,,,3
45,Y,P,C,S,Y,N,,,,,4
45,Y,P,C,M,N,Y,P,C,M,N,6
46,Y,S,C,M,Y,N,,,,,1
46,Y,S,C,M,Y,N,,,,,5
46,Y,S,C,M,N,N,,,,,7
46,Y,S,C,M,Y,N,,,,,2
46,Y,P,C,M,Y,N,,,,,3
46,Y,P,C,M,Y,Y,S,C,M,Y,4
46,Y,P,C,M,Y,N,,,,,6
47,Y,S,C,S,Y,Y,S,C,S,Y,1
47,Y,S,C,S,Y,Y,S,P,S,Y,5
47,N,,,,,Y,S,C,S,Y,7
47,Y,P,C,S,Y,Y,P,C,S,Y,2
47,Y,S,C,S,Y,Y,S,C,S,Y,3
47,Y,S,C,S,Y,Y,S,C,M,Y,4
47,Y,S,C,M,Y,Y,S,C,M,Y,6
48,N,,,,,Y,S,C,S,Y,1
48,N,,,,,Y,S,P,M,Y,5
48,N,,,,,Y,S,C,S,Y,7
48,N,,,,,Y,P,C,M,Y,2
48,N,,,,,Y,S,C,S,Y,3
48,N,,,,,Y,SNL,C,M,Y,4
48,N,,,,,Y,P,C,M,N,6
49,Y,SNL,C,S,N,N,,,,,1
49,Y,SNL,C,S,Y,N,,,,,5
49,N,,,,,N,,,,,7
49,Y,SNL,C,S,Y,N,,,,,2
49,N,,,,,N,,,,,3
49,Y,SNL,C,M,Y,Y,SNL,C,M,Y,4
49,N,,,,,N,,,,,6
50,Y,A,C,M,N,N,,,,,1
50,Y,P,C,S,N,N,,,,,5
50,Y,P,C,M,N,N,,,,,7
50,Y,A,C,S,Y,N,,,,,2
50,Y,P,C,S,Y,N,,,,,3
50,Y,A,C,S,N,Y,P,P,M,N,4
50,Y,A,C,M,N,N,,,,,6
51,Y,SNL,C,S,N,N,,,,,1
51,Y,SNL,C,S,N,N,,,,,5
51,Y,P,C,S,Y,N,,,,,7
51,Y,SNL,P,S,Y,N,,,,,2
51,Y,P,C,S,Y,N,,,,,3
51,Y,P,C,S,N,N,,,,,4
51,Y,P,P,S,N,N,,,,,6
52,Y,S,C,S,N,N,,,,,1
52,Y,S,C,S,N,N,,,,,5
52,Y,P,C,S,N,N,,,,,7
52,Y,SNL,P,S,N,N,,,,,2
52,Y,P,C,S,N,N,,,,,3
52,Y,P,C,S,N,N,,,,,4
52,Y,,C,S,N,N,,,,,6
53,Y,S,C,S,Y,N,,,,,1
53,Y,S,C,S,Y,N,,,,,5
53,Y,P,C,S,Y,N,,,,,7
53,N,,,,,Y,S,C,S,Y,2
53,Y,P,C,S,Y,N,,,,,3
53,Y,P,C,S,Y,N,,,,,4
53,Y,S,C,S,N,N,,,,,6
54,Y,S,C,S,N,N,,,,,1
54,Y,S,C,S,N,N,,,,,5
54,Y,P,C,S,N,N,,,,,7
54,Y,S,C,S,N,N,,,,,2
54,Y,P,C,S,N,N,,,,,3
54,Y,P,C,S,N,N,,,,,4
54,Y,S,C,M,N,N,,,,,6
55,Y,S,C,S,N,N,,,,,1
55,Y,S,C,S,N,N,,,,,5
55,Y,P,C,S,N,N,,,,,7
55,Y,S,C,S,N,N,,,,,2
55,Y,P,C,S,N,N,,,,,3
55,Y,P,C,S,N,N,,,,,4
55,Y,S,,,,N,,,,,6
56,Y,S,C,S,N,N,,,,,1
56,Y,S,C,S,N,N,,,,,5
56,Y,P,C,S,Y,N,,,,,7
56,Y,S,C,S,N,N,,,,,2
56,Y,P,C,S,Y,N,,,,,3
56,Y,P,C,S,N,N,,,,,4
56,N,S,C,S,N,N,,,,,6
57,Y,S,C,M,N,N,,,,,1
57,Y,S,C,S,N,N,,,,,5
57,Y,P,C,S,N,N,,,,,7
57,Y,S,C,S,N,N,,,,,2
57,Y,P,C,S,Y,N,,,,,3
57,Y,P,C,M,N,Y,P,P,M,N,4
57,N,,,,,N,,,,,6
58,Y,A,C,S,N,N,,,,,1
58,Y,A,C,M,N,N,,,,,5
58,Y,P,C,S,N,N,,,,,7
58,Y,A,C,S,N,N,,,,,2
58,Y,P,C,S,N,N,,,,,3
58,Y,A,C,S,N,N,,,,,4
58,Y,S,C,S,N,N,,,,,6
59,Y,S,C,S,N,N,,,,,1
59,Y,S,C,S,N,N,,,,,5
59,Y,P,C,S,N,N,,,,,7
59,Y,S,C,S,N,N,,,,,2
59,Y,P,C,S,N,N,,,,,3
59,Y,P,C,S,N,N,,,,,4
59,Y,S,C,S,N,N,,,,,6
60,Y,S,C,S,N,N,,,,,1
60,Y,S,C,S,N,N,,,,,5
60,Y,P,C,S,N,N,,,,,7
60,Y,S,C,S,N,N,,,,,2
60,Y,P,C,S,Y,N,,,,,3
60,Y,P,C,S,N,N,,,,,4
60,Y,S,C,S,N,N,,,,,6
61,Y,S,C,S,N,N,,,,,1
61,Y,S,C,S,N,N,,,,,5
61,Y,P,C,S,N,N,,,,,7
61,Y,S,C,S,N,N,,,,,2
61,Y,P,C,S,N,N,,,,,3
61,Y,P,C,S,N,N,,,,,4
61,Y,S,C,S,N,N,,,,,6
62,Y,P,C,S,N,Y,P,P,M,N,1
62,Y,P,C,M,N,N,,,,,5
62,Y,S,C,M,N,N,,,,,7
62,Y,S,C,M,N,N,,,,,2
62,Y,P,C,S,N,N,,,,,3
62,Y,S,C,M,N,N,,,,,4
62,N,,,,,N,,,,,6
63,Y,P,C,M,Y,N,,,,,1
63,Y,S,C,S,Y,N,,,,,5
63,Y,P,C,M,Y,N,,,,,7
63,Y,S,C,S,Y,N,,,,,2
63,Y,P,C,S,Y,N,,,,,3
63,Y,S,C,S,Y,N,,,,,4
63,Y,P,C,M,N,N,,,,,6
64,N,,,,,N,,,,,1
64,Y,S,P,M,N,N,,,,,5
64,Y,S,C,S,Y,N,,,,,7
64,Y,S,P,M,Y,N,,,,,2
64,Y,P,C,S,N,N,,,,,3
64,Y,S,C,S,N,N,,,,,4
64,N,,,,,N,,,,,6
65,Y,S,C,S,N,N,,,,,1
65,Y,A,P,M,N,N,,,,,5
65,Y,A,C,S,N,N,,,,,7
65,Y,S,C,M,Y,N,,,,,2
65,Y,A,C,M,N,N,,,,,3
65,Y,A,C,M,N,N,,,,,4
65,Y,S,C,M,N,N,,,,,6
66,Y,S,P,S,N,Y,S,C,S,Y,1
66,Y,S,P,S,N,Y,S,P,S,Y,5
66,Y,S,C,S,N,N,,,,,7
66,Y,S,C,M,Y,N,,,,,2
66,Y,P,C,S,N,Y,P,C,S,Y,3
66,Y,S,C,S,N,Y,S,P,M,N,4
66,Y,P,C,M,Y,N,,,,,6
67,N,,,,,N,,,,,1
67,N,,,,,N,,,,,5
67,N,,,,,N,,,,,7
67,N,,,,,N,,,,,2
67,N,,,,,Y,P,C,M,Y,3
67,Y,S,C,M,N,N,,,,,4
67,N,,,,,N,,,,,6
68,N,,,,,N,,,,,1
68,N,,,,,N,,,,,5
68,N,,,,N,Y,SNL,C,S,Y,7
68,N,,,,,N,,,,,2
68,N,,,,,N,,,,,3
68,N,,,,,Y,P,P,M,N,4
68,N,,,,,N,,,,,6
69,Y,S,C,M,N,N,,,,,1
69,Y,S,C,M,N,N,,,,,5
69,Y,S,C,M,N,N,,,,,7
69,Y,S,C,M,N,N,,,,,2
69,Y,S,C,M,N,N,,,,,3
69,Y,S,C,M,N,N,,,,,4
69,N,,,,,N,,,,,6
70,Y,P,C,S,N,N,,,,,1
70,Y,P,C,M,N,N,,,,,5
70,Y,P,C,S,N,N,,,,,7
70,Y,P,P,S,N,N,,,,,2
70,Y,P,C,S,N,N,,,,,3
70,Y,P,C,M,N,N,,,,,4
70,Y,P,C,M,N,N,,,,,6
71,Y,P,P,S,N,N,,,,,1
71,Y,P,C,S,N,N,,,,,5
71,Y,P,C,S,N,N,,,,,7
71,Y,P,P,S,N,N,,,,,2
71,Y,P,C,S,N,N,,,,,3
71,Y,P,C,S,N,N,,,,,4
71,Y,S,C,S,N,N,,,,,6
72,Y,P,P,S,N,N,,,,,1
72,Y,P,C,S,N,N,,,,,5
72,Y,P,C,S,N,N,,,,,7
72,Y,P,P,S,N,N,,,,,2
72,Y,P,C,S,Y,N,,,,,3
72,Y,P,C,S,N,N,,,,,4
72,Y,P,C,S,N,N,,,,,6
73,Y,S,P,S,Y,Y,S,C,M,Y,1
73,Y,S,P,S,N,Y,S,P,M,Y,5
73,Y,P,C,S,Y,N,,,,,7
73,Y,P,C,S,N,N,,,,,2
73,Y,P,P,S,N,Y,S,C,S,N,3
73,N,,,,,Y,S,C,M,N,4
73,N,,,,,N,,,,,6
74,Y,A,P,M,Y,Y,A,C,M,Y,1
74,N,,,,,Y,S,P,M,Y,5
74,N,,,,,N,,,,,7
74,N,,,,,Y,A,C,M,Y,2
74,N,,,,,Y,P,C,M,Y,3
74,N,,,,,Y,S,C,M,N,4
74,N,,,,,N,,,,,6
75,Y,S,C,S,Y,N,,,,,1
75,Y,P,C,S,N,N,,,,,5
75,Y,P,C,S,Y,N,,,,,7
75,Y,S,C,S,N,N,,,,,2
75,Y,P,C,S,N,N,,,,,3
75,Y,P,C,S,Y,N,,,,,4
75,Y,S,C,S,Y,N,,,,,6
76,Y,S,C,S,N,N,,,,,1
76,N,,,,,N,,,,,5
76,N,,,,,N,,,,,7
76,Y,P,C,M,Y,N,,,,,2
76,N,,,,,Y,P,C,S,Y,3
76,Y,S,C,S,N,Y,S,C,S,N,4
76,N,,,,,N,,,,,6
77,Y,S,C,S,Y,N,,,,,1
77,Y,S,P,M,N,N,,,,,5
77,Y,S,C,S,N,N,,,,,7
77,Y,S,C,S,Y,N,,,,,2
77,Y,S,C,S,N,N,,,,,3
77,Y,S,C,S,N,N,,,,,4
77,N,,,,,N,,,,,6
78,Y,S,C,M,N,N,,,,,1
78,N,,,,,N,,,,,5
78,N,,,,,N,,,,,7
78,N,,,,,N,,,,,2
78,N,,,,,N,,,,,3
78,Y,S,C,M,N,N,,,,,4
78,N,,,,,N,,,,,6
79,N,,,,,N,,,,,1
79,N,,,,,N,,,,,5
79,Y,P,P,M,N,N,,,,,7
79,N,,,,,N,,,,,2
79,Y,S,C,M,Y,N,,,,,3
79,Y,P,P,M,N,Y,P,C,M,N,4
79,N,,,,,N,,,,,6
80,Y,P,C,S,Y,Y,S,P,S,Y,1
80,Y,S,C,M,N,Y,S,P,M,N,5
80,Y,S,P,M,N,Y,S,C,M,Y,7
80,N,,,,,Y,S,P,M,Y,2
80,Y,P,C,S,Y,N,,,,,3
80,Y,S,C,M,N,Y,P,P,M,N,4
80,N,,,,,N,,,,,6
81,Y,S,P,M,N,Y,S,P,S,Y,1
81,Y,S,C,S,N,N,,,,,5
81,Y,P,C,S,N,N,,,,,7
81,N,,,,,N,,,,,2
81,Y,P,C,S,N,N,,,,,3
81,Y,P,C,S,N,N,,,,,4
81,N,,,,,N,,,,,6
82,Y,A,C,S,N,N,,,,,1
82,Y,A,C,M,N,N,,,,,5
82,Y,P,C,S,N,N,,,,,7
82,Y,S,C,S,N,N,,,,,2
82,Y,P,C,S,N,N,,,,,3
82,Y,P,C,M,N,N,,,,,4
82,Y,P,C,S,N,N,,,,,6
83,Y,S,C,S,N,N,,,,,1
83,Y,S,P,M,N,N,,,,,5
83,Y,S,C,M,N,N,,,,,7
83,Y,S,C,S,N,N,,,,,2
83,Y,P,C,S,N,N,,,,,3
83,Y,S,C,M,N,N,,,,,4
83,Y,S,C,M,N,N,,,,,6
84,Y,S,C,S,N,N,,,,,1
84,Y,S,P,S,N,N,,,,,5
84,Y,P,C,S,Y,N,,,,,7
84,N,,,,,Y,S,P,S,Y,2
84,Y,P,C,S,N,N,,,,,3
84,Y,S,C,S,N,N,,,,,4
84,Y,S,C,S,N,N,,,,,6
85,Y,A,C,S,N,N,,,,,1
85,Y,A,P,M,N,N,,,,,5
85,Y,P,C,S,N,N,,,,,7
85,Y,A,P,S,N,N,,,,,2
85,Y,A,C,S,N,N,,,,,3
85,Y,A,C,S,N,N,,,,,4
85,N,,,,,N,,,,,6
86,Y,P,C,S,N,N,,,,,1
86,Y,P,C,S,N,N,,,,,5
86,Y,P,C,S,N,Y,,,,,7
86,Y,S,C,S,Y,N,,,,,2
86,Y,P,C,S,Y,N,,,,,3
86,Y,S,C,S,N,N,,,,,4
86,Y,P,C,S,N,N,,,,,6
87,Y,S,C,S,N,N,,,,,1
87,Y,S,C,M,N,N,,,,,5
87,Y,P,C,M,N,N,,,,,7
87,Y,S,C,S,N,N,,,,,2
87,Y,P,C,S,N,N,,,,,3
87,Y,S,C,M,N,N,,,,,4
87,Y,S,P,M,N,N,,,,,6
88,N,,,,,N,,,,,1
88,Y,S,P,M,N,Y,S,C,S,N,5
88,Y,S,C,M,N,N,,,,,7
88,Y,P,C,M,N,N,,,,,2
88,N,,,,,Y,P,C,S,N,3
88,Y,P,C,M,N,N,,,,,4
88,N,,,,,N,,,,,6
89,N,,,,,N,,,,,1
89,N,,,,,Y,S,C,S,N,5
89,Y,S,C,M,N,N,,,,,7
89,Y,S,C,M,N,N,,,,,2
89,Y,S,C,M,Y,Y,S,C,S,N,3
89,Y,S,C,M,N,Y,P,P,S,N,4
89,N,,,,,N,,,,,6
90,Y,S,P,S,N,Y,S,P,S,N,1
90,N,,,,,N,,,,,5
90,N,,,,,N,,,,,7
90,N,,,,,N,,,,,2
90,N,,,,,Y,P,C,M,Y,3
90,Y,S,P,M,N,N,,,,,4
90,N,,,,,N,,,,,6
91,Y,P,C,M,Y,N,,,,,1
91,Y,P,C,M,Y,N,,,,,5
91,Y,P,C,M,Y,N,,,,,7
91,N,,,,,Y,P,P,M,Y,2
91,Y,P,C,M,Y,N,,,,,3
91,Y,P,C,M,Y,N,,,,,4
91,N,,,,,N,,,,,6
92,Y,P,C,S,N,N,,,,,1
92,Y,P,C,M,N,N,,,,,5
92,Y,P,C,S,N,N,,,,,7
92,Y,P,P,S,N,N,,,,,2
92,Y,P,C,S,N,N,,,,,3
92,Y,P,C,M,N,N,,,,,4
92,Y,P,C,M,N,N,,,,,6
93,Y,S,C,M,Y,N,,,,,1
93,Y,P,C,M,N,N,,,,,5
93,Y,S,C,M,Y,N,,,,,7
93,N,,,,,Y,P,C,M,Y,2
93,Y,S,C,M,Y,N,,,,,3
93,Y,P,C,M,Y,Y,P,P,M,N,4
93,N,,,,,N,,,,,6
94,Y,S,C,M,N,N,,,,,1
94,Y,S,P,M,N,N,,,,,5
94,Y,S,C,M,N,N,,,,,7
94,Y,S,P,M,N,N,,,,,2
94,Y,P,P,M,N,N,,,,,3
94,Y,S,C,M,N,N,,,,,4
94,N,,,,,N,,,,,6
95,Y,S,C,S,N,N,,,,,1
95,Y,S,C,M,N,N,,,,,5
95,Y,S,C,M,N,N,,,,,7
95,N,,,,,N,,,,,2
95,Y,P,C,M,N,N,,,,,3
95,Y,P,C,M,N,N,,,,,4
95,Y,P,C,M,N,N,,,,,6
96,Y,S,C,M,N,N,,,,,1
96,N,,,,,N,,,,,5
96,Y,S,C,M,N,N,,,,,7
96,N,,,,,N,,,,,2
96,Y,S,C,M,N,N,,,,,3
96,Y,S,C,M,N,N,,,,,4
96,N,,,,,N,,,,,6
97,N,,,,,Y,SNL,P,S,N,1
97,N,,,,,Y,SNL,C,S,Y,5
97,N,,,,,N,,,,,7
97,N,,,,,Y,SNL,P,S,Y,2
97,N,,,,,Y,SNL,C,S,Y,3
97,N,,,,,Y,SNL,C,M,Y,4
97,N,,,,,N,,,,,6
98,Y,P,C,S,N,N,,,,,1
98,Y,P,C,M,N,N,,,,,5
98,Y,P,C,M,N,N,,,,,7
98,Y,S,C,M,N,N,,,,,2
98,Y,P,C,S,N,N,,,,,3
98,Y,P,C,M,N,N,,,,,4
98,Y,P,P,M,,N,,,,,6
99,Y,P,C,M,N,N,,,,,1
99,Y,P,C,M,N,N,,,,,5
99,Y,S,P,M,N,N,,,,,7
99,Y,P,C,S,N,N,,,,,2
99,Y,P,C,S,N,N,,,,,3
99,Y,S,C,M,N,N,,,,,4
99,Y,P,C,M,N,N,,,,,6
100,Y,S,C,M,N,N,,,,,1
100,Y,S,C,M,Y,N,,,,,5
100,N,,,,,N,,,,,7
100,N,,,,,N,,,,,2
100,Y,S,C,M,N,N,,,,,3
100,Y,S,C,M,Y,N,,,,,4
100,N,,,,N,N,,,,,6
101,Y,P,C,S,N,N,,,,,1
101,Y,S,C,S,N,N,,,,,5
101,Y,P,C,S,Y,N,,,,,7
101,Y,S,C,S,N,N,,,,,2
101,Y,P,C,S,Y,N,,,,,3
101,Y,S,C,S,Y,N,,,,,4
101,Y,S,C,S,,N,,,,,6
102,Y,P,C,S,N,N,,,,,1
102,Y,P,P,S,Y,N,,,,,5
102,Y,P,C,S,Y,N,,,,,7
102,Y,P,C,S,Y,N,,,,,2
102,Y,P,C,S,N,N,,,,,3
102,Y,P,C,M,N,N,,,,,4
102,Y,P,C,M,Y,N,,,,,6
103,Y,S,C,S,Y,N,,,,,1
103,Y,S,C,S,N,N,,,,,5
103,Y,S,C,S,Y,N,,,,,7
103,Y,P,C,S,N,N,,,,,2
103,Y,P,C,S,Y,N,,,,,3
103,Y,P,C,M,Y,Y,P,P,M,N,4
103,Y,S,C,S,Y,N,,,,,6
104,N,,,,,N,,,,,1
104,N,,,,,N,,,,,5
104,N,,,,,N,,,,,7
104,N,,,,,N,,,,,2
104,N,,,,,N,,,,,3
104,Y,S,C,M,N,Y,S,C,M,N,4
104,N,,,,N,N,,,,,6
105,Y,A,C,S,N,N,,,,,1
105,Y,A,C,S,N,N,,,,,5
105,Y,P,C,S,N,N,,,,,7
105,Y,A,C,S,N,N,,,,,2
105,Y,P,C,S,N,N,,,,,3
105,Y,A,C,S,N,N,,,,,4
105,Y,A,C,S,,N,,,,,6
106,Y,P,C,S,Y,N,,,,,1
106,Y,P,C,S,N,N,,,,,5
106,Y,P,C,M,Y,N,,,,,7
106,Y,P,C,S,Y,N,,,,,2
106,Y,P,C,S,N,N,,,,,3
106,Y,P,C,S,Y,N,,,,,4
106,Y,P,C,M,N,N,,,,,6
107,Y,P,C,S,Y,N,,,,,1
107,Y,P,C,S,N,N,,,,,5
107,Y,P,C,S,Y,N,,,,,7
107,Y,P,C,S,Y,N,,,,,2
107,Y,P,C,S,N,N,,,,,3
107,Y,P,C,S,Y,N,,,,,4
107,Y,P,C,M,Y,N,,,,,6
108,Y,A,C,S,Y,Y,S,P,S,Y,1
108,N,,,,,N,,,,,5
108,N,,,,,N,,,,,7
108,N,,,,,Y,A,P,M,Y,2
108,N,,,,,N,,,,,3
108,Y,S,C,M,Y,Y,S,P,M,Y,4
108,N,,,,,N,,,,,6
109,Y,S,C,S,Y,N,,,,,1
109,N,,,,,Y,P,C,S,Y,5
109,Y,S,C,M,Y,N,,,,,7
109,N,,,,,Y,P,C,M,Y,2
109,N,,,,,Y,S,C,M,Y,3
109,N,,,,,Y,P,C,M,Y,4
109,Y,S,C,M,Y,Y,P,C,M,Y,6
110,N,,,,,Y,S,C,S,Y,1
110,Y,S,C,S,N,Y,S,C,M,Y,5
110,Y,S,C,S,Y,N,,,,,7
110,N,,,,,Y,S,C,M,Y,2
110,N,,,,,Y,S,C,S,Y,3
110,N,,,,,Y,P,C,S,Y,4
110,N,,,,,N,,,,,6
111,Y,S,C,S,Y,N,,,,,1
111,Y,P,C,S,N,N,,,,,5
111,Y,P,C,S,Y,N,,,,,7
111,Y,P,C,S,Y,N,,,,,2
111,Y,P,C,S,N,N,,,,,3
111,Y,P,C,S,N,N,,,,,4
111,Y,P,C,S,N,N,,,,,6
112,Y,S,C,S,Y,N,,,,,1
112,Y,S,P,S,Y,Y,S,C,S,Y,5
112,Y,P,C,S,Y,N,,,,,7
112,N,,,,,Y,S,C,S,Y,2
112,Y,P,C,S,Y,Y,P,C,S,Y,3
112,Y,S,C,S,Y,Y,S,P,S,Y,4
112,Y,S,C,S,Y,N,,,,,6
113,Y,S,C,M,Y,N,,,,,1
113,Y,P,C,S,Y,N,,,,,5
113,Y,S,C,S,Y,N,,,,,7
113,Y,P,C,M,Y,N,,,,,2
113,Y,S,C,M,Y,N,,,,,3
113,Y,P,C,M,Y,N,,,,,4
113,Y,P,C,M,Y,N,,,,,6
114,Y,S,C,S,Y,N,,,,,1
114,Y,P,P,S,Y,N,,,,,5
114,Y,P,C,S,Y,N,,,,,7
114,Y,P,C,S,Y,N,,,,,2
114,Y,P,C,S,Y,N,,,,,3
114,Y,P,C,M,Y,Y,P,P,M,N,4
114,Y,S,C,M,Y,N,,,,,6
115,N,,,,,N,,,,,1
115,N,,,,,Y,S,C,S,N,5
115,N,,,,,Y,S,C,M,N,7
115,N,,,,,N,,,,,2
115,N,,,,,Y,S,C,S,N,3
115,N,,,,,Y,P,C,S,N,4
115,N,,,,,Y,S,P,M,N,6
116,Y,A,C,S,Y,N,,,,,1
116,Y,A,C,S,N,N,,,,,5
116,Y,P,C,S,Y,N,,,,,7
116,Y,A,C,S,Y,N,,,,,2
116,Y,P,C,S,N,N,,,,,3
116,Y,A,C,S,Y,N,,,,,4
116,Y,A,C,S,N,N,,,,,6
117,Y,S,C,M,Y,N,,,,,1
117,Y,P,C,S,N,N,,,,,5
117,Y,S,C,S,Y,N,,,,,7
117,Y,S,C,M,Y,N,,,,,2
117,Y,S,C,M,N,N,,,,,3
117,Y,P,C,M,N,N,,,,,4
117,Y,P,C,M,N,N,,,,,6
118,Y,S,C,M,Y,N,,,,,1
118,N,,,,,N,,,,,5
118,Y,S,C,M,Y,N,,,,,7
118,Y,P,C,M,Y,N,,,,,2
118,Y,S,C,M,N,N,,,,,3
118,Y,P,C,S,N,N,,,,,4
118,Y,S,C,M,N,N,,,,,6
119,Y,S,C,S,N,N,,,,,1
119,N,,,,,N,,,,,5
119,Y,P,C,S,N,N,,,,,7
119,Y,S,C,S,N,N,,,,,2
119,Y,P,C,S,N,N,,,,,3
119,Y,S,C,S,N,N,,,,,4
119,Y,S,C,S,N,N,,,,,6
120,Y,S,C,S,Y,N,,,,,1
120,Y,S,C,S,N,N,,,,,5
120,Y,P,C,S,N,N,,,,,7
120,Y,S,C,S,Y,N,,,,,2
120,Y,P,C,S,N,N,,,,,3
120,Y,S,C,S,N,N,,,,,4
120,Y,S,P,S,N,N,,,,,6
121,Y,P,C,S,Y,Y,S,C,S,Y,1
121,N,,,,,N,,,,,5
121,Y,P,C,S,Y,N,,,,,7
121,N,,,,,Y,S,C,S,Y,2
121,N,,,,,Y,P,C,S,Y,3
121,N,,,,,Y,S,C,S,Y,4
121,N,,,,,N,,,,,6
122,Y,S,C,S,,,,,,,1
122,N,,,,,N,,,,,5
122,Y,S,C,S,N,N,,,,,7
122,Y,S,C,S,Y,N,,,,,2
122,N,,,,,N,,,,,3
122,Y,S,C,M,N,N,,,,,4
122,N,,,,,N,,,,,6
123,N,,,,,Y,S,C,M,Y,1
123,N,,,,,Y,S,C,M,Y,5
123,N,,,,,Y,S,C,M,Y,7
123,N,,,,,Y,P,C,M,Y,2
123,N,,,,,Y,S,C,M,Y,3
123,N,,,,,Y,P,C,M,Y,4
123,N,,,,,Y,P,C,M,Y,6
124,Y,P,C,S,Y,Y,S,C,S,Y,1
124,N,,,,,Y,S,C,M,Y,5
124,N,,,,,Y,S,C,M,Y,7
124,N,,,,,Y,P,C,M,Y,2
124,N,,,,,Y,S,C,M,Y,3
124,N,,,,,Y,P,C,M,Y,4
124,N,,,,,Y,P,C,M,Y,6
125,N,,,,,Y,S,C,S,Y,1
125,N,,,,,Y,S,C,M,Y,5
125,Y,S,C,S,N,N,,,,,7
125,N,,,,,Y,P,C,S,Y,2
125,N,,,,,Y,S,C,M,Y,3
125,N,,,,,Y,P,C,M,Y,4
125,N,,,,,N,,,,,6
126,Y,S,C,S,Y,N,,,,,1
126,N,,,,,N,,,,,5
126,Y,S,C,S,N,N,,,,,7
126,N,,,,,N,,,,,2
126,N,,,,,N,,,,,3
126,Y,S,P,M,N,Y,S,P,M,N,4
126,N,,,,,N,,,,,6
127,Y,S,C,S,Y,Y,S,C,S,Y,1
127,N,,,,,Y,S,P,M,N,5
127,Y,S,C,S,N,N,,,,,7
127,N,,,,,Y,P,P,M,Y,2
127,Y,S,C,M,Y,N,,,,,3
127,Y,S,C,S,N,N,,,,,4
127,N,,,,,N,,,,,6
128,Y,S,C,S,Y,N,,,,,1
128,N,,,,,N,,,,,5
128,Y,P,C,S,N,N,,,,,7
128,N,,,,,N,,,,,2
128,N,,,,,N,,,,,3
128,Y,SNL,C,S,N,N,,,,,4
128,N,,,,,N,,,,,6
129,Y,A,C,S,N,N,,,,,1
129,Y,A,C,S,N,N,,,,,5
129,Y,A,C,S,N,N,,,,,7
129,Y,A,C,S,N,N,,,,,2
129,Y,P,C,S,N,N,,,,,3
129,Y,A,C,S,N,N,,,,,4
129,Y,A,C,S,N,N,,,,,6
130,Y,A,C,S,Y,N,,,,,1
130,Y,A,C,M,Y,N,,,,,5
130,N,,,,,Y,S,C,M,Y,7
130,Y,A,C,S,Y,N,,,,,2
130,Y,A,C,S,Y,N,,,,,3
130,Y,A,C,S,Y,Y,A,P,M,Y,4
130,Y,S,C,M,Y,N,,,,,6
131,N,,,,,Y,S,C,M,Y,1
131,N,,,,,Y,S,C,M,Y,5
131,N,,,,,Y,S,C,M,Y,7
131,N,,,,,Y,P,C,M,Y,2
131,N,,,,,Y,S,C,M,Y,3
131,N,,,,,Y,P,C,M,Y,4
131,N,,,,,Y,S,C,M,Y,6
132,Y,S,C,S,Y,N,,,,,1
132,Y,P,C,S,Y,N,,,,,5
132,Y,S,C,S,N,N,,,,,7
132,Y,S,C,S,Y,N,,,,,2
132,Y,P,C,S,Y,N,,,,,3
132,Y,S,C,M,Y,N,,,,,4
132,Y,S,C,M,N,N,,,,,6
133,Y,P,C,S,Y,Y,S,C,S,Y,1
133,N,,,,,Y,S,C,S,Y,5
133,N,,,,,Y,S,C,S,Y,7
133,N,,,,,Y,S,C,S,Y,2
133,N,,,,,Y,P,C,S,Y,3
133,N,,,,,Y,S,C,M,Y,4
133,N,,,,,Y,S,C,M,Y,6
134,Y,S,C,S,Y,N,,,,,1
134,Y,P,C,S,Y,N,,,,,5
134,Y,S,C,S,N,N,,,,,7
134,Y,S,P,S,Y,N,,,,,2
134,Y,P,C,S,N,N,,,,,3
134,Y,S,C,S,Y,N,,,,,4
134,Y,S,C,S,Y,N,,,,,6
135,Y,P,C,S,Y,N,,,,,1
135,Y,P,C,S,Y,N,,,,,5
135,Y,A,C,S,N,N,,,,,7
135,Y,P,C,S,Y,N,,,,,2
135,Y,P,C,S,Y,N,,,,,3
135,Y,P,C,S,Y,N,,,,,4
135,Y,P,C,S,Y,N,,,,,6
136,Y,A,C,S,Y,N,,,,,1
136,Y,A,C,S,Y,N,,,,,5
136,Y,A,C,S,N,N,,,,,7
136,Y,A,P,S,Y,N,,,,,2
136,Y,P,C,S,Y,N,,,,,3
136,Y,A,C,S,Y,N,,,,,4
136,Y,A,C,S,N,N,,,,,6
137,Y,P,C,S,Y,N,,,,,1
137,Y,P,C,S,Y,N,,,,,5
137,Y,S,C,S,Y,N,,,,,7
137,Y,P,C,M,Y,N,,,,,2
137,Y,S,C,M,Y,N,,,,,3
137,Y,P,C,M,Y,N,,,,,4
137,Y,P,C,M,Y,N,,,,,6
138,N,,,,,Y,A,C,S,Y,1
138,Y,A,C,S,N,Y,A,P,M,Y,5
138,N,,,,,Y,A,C,M,Y,7
138,Y,A,C,S,N,Y,A,C,M,Y,2
138,Y,P,C,S,N,N,,,,,3
138,Y,A,C,S,N,N,,,,,4
138,Y,A,C,S,N,N,,,,,6
139,N,,,,,Y,S,C,M,Y,1
139,Y,P,C,M,Y,N,,,,,5
139,N,,,,,Y,S,C,M,Y,7
139,N,,,,,Y,P,C,M,Y,2
139,N,,,,,Y,S,C,M,Y,3
139,N,,,,,Y,P,C,M,Y,4
139,N,,,,,Y,P,C,M,Y,6
140,Y,S,C,S,Y,N,,,,,1
140,Y,P,C,S,Y,N,,,,,5
140,Y,S,C,S,Y,N,,,,,7
140,Y,S,C,S,Y,N,,,,,2
140,Y,P,C,S,Y,N,,,,,3
140,Y,P,C,S,Y,N,,,,,4
140,Y,P,C,S,Y,N,,,,,6
141,Y,A,C,M,Y,N,,,,,1
141,Y,A,C,S,Y,N,,,,,5
141,Y,P,C,S,Y,N,,,,,7
141,N,,,,,N,,,,,2
141,Y,P,C,M,Y,N,,,,,3
141,Y,A,C,M,Y,N,,,,,4
141,N,,,,,N,,,,,6
142,Y,P,C,S,Y,N,,,,,1
142,Y,P,C,S,Y,N,,,,,5
142,Y,S,C,M,Y,N,,,,,7
142,Y,P,C,M,Y,N,,,,,2
142,Y,S,C,M,Y,N,,,,,3
142,Y,P,C,M,Y,N,,,,,4
142,Y,P,C,M,Y,N,,,,,6
143,N,,,,,Y,S,C,S,Y,1
143,N,,,,,Y,S,C,M,Y,5
143,N,,,,,Y,S,C,M,Y,7
143,N,,,,,Y,P,C,M,Y,2
143,N,,,,,Y,S,C,M,Y,3
143,N,,,,,Y,P,C,M,Y,4
143,N,,,,,Y,P,C,M,Y,6
144,Y,P,C,S,Y,Y,S,C,S,Y,1
144,N,,,,,Y,S,C,S,Y,5
144,N,,,,,Y,S,C,S,Y,7
144,N,,,,,Y,S,C,S,Y,2
144,Y,P,C,S,Y,N,,,,,3
144,N,,,,,Y,P,C,S,Y,4
144,N,,,,,Y,P,C,M,Y,6
145,Y,S,C,S,Y,N,,,,,1
145,Y,P,C,S,Y,N,,,,,5
145,Y,S,C,S,Y,N,,,,,7
145,Y,S,C,S,Y,N,,,,,2
145,Y,P,C,S,Y,N,,,,,3
145,Y,S,C,S,Y,N,,,,,4
145,Y,S,C,S,N,N,,,,,6
146,N,,,,,Y,S,C,M,Y,1
146,N,,,,,Y,S,C,M,Y,5
146,N,,,,,Y,S,C,M,Y,7
146,N,,,,,Y,P,C,M,Y,2
146,N,,,,,Y,S,C,M,Y,3
146,N,,,,,Y,P,C,M,Y,4
146,N,,,,,Y,P,C,M,Y,6
147,Y,S,C,S,Y,N,,,,,1
147,Y,S,C,S,Y,Y,S,P,M,Y,5
147,N,,,,,Y,S,C,S,Y,7
147,N,,,,,Y,S,P,M,Y,2
147,N,,,,,Y,S,C,M,Y,3
147,Y,S,C,S,Y,Y,S,P,S,Y,4
147,N,,,,,Y,S,C,M,Y,6
148,N,,,,,Y,S,C,S,Y,1
148,N,,,,,Y,S,C,S,Y,5
148,N,,,,,Y,S,C,S,Y,7
148,N,,,,,Y,P,P,S,Y,2
148,N,,,,,Y,S,C,M,Y,3
148,N,,,,,Y,P,C,M,Y,4
148,N,,,,,Y,P,C,M,Y,6
149,Y,S,C,S,Y,N,,,,,1
149,Y,S,C,S,Y,N,,,,,5
149,Y,S,C,S,Y,N,,,,,7
149,Y,S,C,S,N,N,,,,,2
149,Y,P,C,S,Y,N,,,,,3
149,Y,S,C,S,Y,N,,,,,4
149,Y,S,C,S,N,N,,,,,6
150,Y,S,C,M,Y,N,,,,,1
150,Y,S,C,M,Y,N,,,,,5
150,Y,S,C,S,Y,N,,,,,7
150,N,,,,,Y,P,C,M,Y,2
150,Y,S,C,M,Y,N,,,,,3
150,Y,P,C,M,Y,N,,,,,4
150,N,,,,,Y,P,C,M,Y,6
151,Y,P,C,S,Y,N,,,,,1
151,Y,P,C,M,Y,N,,,,,5
151,Y,S,C,S,Y,N,,,,,7
151,Y,P,C,M,Y,N,,,,,2
151,Y,S,C,M,Y,N,,,,,3
151,Y,P,C,M,Y,N,,,,,4
151,Y,P,C,M,Y,N,,,,,6
152,Y,S,C,S,Y,N,,,,,1
152,Y,P,C,S,Y,N,,,,,5
152,Y,S,C,M,Y,N,,,,,7
152,N,,,,,Y,P,C,M,Y,2
152,Y,P,C,S,Y,N,,,,,3
152,Y,S,C,M,Y,N,,,,,4
152,Y,P,C,M,Y,N,,,,,6
153,Y,S,C,S,N,N,,,,,1
153,Y,S,C,S,Y,N,,,,,5
153,N,,,,,N,,,,,7
153,Y,S,P,S,Y,N,,,,,2
153,Y,S,C,M,N,N,,,,,3
153,Y,S,C,S,Y,N,,,,,4
153,N,,,,,N,,,,,6
154,Y,S,C,S,Y,N,,,,,1
154,Y,P,C,S,Y,N,,,,,5
154,Y,P,C,S,Y,N,,,,,7
154,Y,P,C,S,Y,N,,,,,2
154,Y,P,C,S,Y,N,,,,,3
154,Y,P,C,S,Y,N,,,,,4
154,Y,P,C,S,Y,N,,,,,6
155,Y,S,C,S,Y,N,,,,,1
155,Y,P,C,M,Y,N,,,,,5
155,Y,S,C,S,Y,N,,,,,7
155,Y,P,C,M,Y,N,,,,,2
155,Y,S,C,M,Y,N,,,,,3
155,Y,P,C,M,Y,N,,,,,4
155,Y,P,C,M,Y,N,,,,,6
156,Y,S,C,S,Y,Y,S,C,S,Y,1
156,N,,,,,N,,,,,5
156,N,,,,,Y,S,C,S,Y,7
156,N,,,,,Y,S,C,S,Y,2
156,N,,,,,Y,P,C,S,Y,3
156,N,,,,,Y,S,C,S,Y,4
156,N,,,,,Y,P,C,M,Y,6
157,Y,S,C,S,N,N,,,,,1
157,Y,P,C,S,Y,N,,,,,5
157,Y,P,C,S,N,N,,,,,7
157,Y,P,C,S,N,N,,,,,2
157,Y,P,C,S,N,N,,,,,3
157,Y,P,C,S,N,N,,,,,4
157,Y,P,C,S,N,N,,,,,6
158,N,,,,,Y,S,C,S,Y,1
158,N,,,,,Y,P,C,S,Y,5
158,N,,,,,Y,S,C,S,Y,7
158,N,,,,,Y,P,C,M,Y,2
158,N,,,,,Y,S,C,M,Y,3
158,N,,,,,Y,P,C,M,Y,4
158,N,,,,,Y,P,P,M,Y,6
159,Y,P,C,S,Y,N,,,,,1
159,Y,P,C,S,Y,N,,,,,5
159,Y,P,C,S,N,N,,,,,7
159,Y,P,C,S,Y,N,,,,,2
159,Y,P,C,S,Y,N,,,,,3
159,Y,P,C,S,Y,N,,,,,4
159,Y,P,C,M,Y,N,,,,,6
160,Y,S,C,S,Y,N,,,,,1
160,N,,,,,N,,,,,5
160,N,,,,,Y,S,C,S,Y,7
160,N,,,,,N,,,,,2
160,Y,P,C,S,Y,N,,,,,3
160,Y,P,P,M,Y,Y,S,C,S,Y,4
160,Y,S,C,S,Y,N,,,,,6
161,Y,S,C,S,Y,N,,,,,1
161,Y,P,C,S,Y,N,,,,,5
161,Y,P,C,S,Y,N,,,,,7
161,Y,P,C,S,Y,N,,,,,2
161,Y,P,C,S,Y,N,,,,,3
161,Y,P,C,S,Y,N,,,,,4
161,Y,P,C,S,Y,N,,,,,6
162,N,,,,,Y,S,C,S,Y,1
162,N,,,,,Y,P,C,S,Y,5
162,N,,,,,Y,S,C,S,Y,7
162,N,,,,,Y,P,C,M,Y,2
162,N,,,,,Y,S,C,M,Y,3
162,Y,P,C,M,Y,N,,,,,4
162,N,,,,,Y,P,C,M,Y,6
163,Y,S,C,S,Y,N,,,,,1
163,N,,,,,N,,,,,5
163,Y,S,C,S,Y,N,,,,,7
163,Y,S,P,M,Y,N,,,,,2
163,Y,S,C,S,Y,N,,,,,3
163,Y,S,C,M,Y,Y,S,P,M,Y,4
163,Y,S,C,M,Y,N,,,,,6
164,Y,S,C,S,Y,N,,,,,1
164,Y,P,C,S,Y,N,,,,,5
164,Y,P,C,S,Y,N,,,,,7
164,Y,S,C,S,N,N,,,,,2
164,Y,P,C,S,Y,N,,,,,3
164,Y,S,C,M,Y,Y,P,P,M,Y,4
164,Y,S,C,M,N,N,,,,,6
165,Y,S,C,M,Y,N,,,,,1
165,Y,P,P,M,Y,Y,S,P,M,Y,5
165,Y,S,C,S,N,N,,,,,7
165,N,,,,,Y,S,C,M,Y,2
165,N,,,,,N,,,,,3
165,Y,S,C,M,Y,N,,,,,4
165,N,,,,,N,,,,,6
166,Y,P,C,S,Y,N,,,,,1
166,Y,P,C,S,N,N,,,,,5
166,Y,P,C,S,Y,N,,,,,7
166,Y,A,C,S,Y,N,,,,,2
166,Y,P,C,S,Y,N,,,,,3
166,Y,A,C,S,Y,N,,,,,4
166,Y,A,C,S,N,N,,,,,6
167,N,,,,,Y,S,C,M,Y,1
167,N,,,,,Y,P,C,M,Y,5
167,N,,,,,Y,S,C,M,Y,7
167,N,,,,,Y,P,C,M,Y,2
167,N,,,,,Y,S,C,M,Y,3
167,N,,,,,Y,P,C,M,Y,4
167,N,,,,,Y,P,C,M,Y,6
168,Y,S,C,S,Y,N,,,,,1
168,Y,P,C,S,Y,N,,,,,5
168,Y,P,C,S,Y,N,,,,,7
168,Y,P,C,S,Y,N,,,,,2
168,Y,P,C,S,Y,N,,,,,3
168,Y,P,C,S,Y,N,,,,,4
168,Y,S,C,S,Y,N,,,,,6
169,Y,S,P,S,N,Y,S,P,S,N,1
169,N,,,,,N,,,,,5
169,N,,,,,Y,SNL,C,S,Y,7
169,Y,S,P,S,Y,Y,S,C,S,Y,2
169,Y,P,P,S,Y,Y,P,C,S,Y,3
169,Y,S,P,S,N,Y,SNL,C,S,N,4
169,Y,S,P,S,N,N,,,,,6
170,Y,S,C,S,Y,N,,,,,1
170,N,,,,,N,,,,,5
170,Y,P,C,S,N,N,,,,,7
170,Y,S,C,S,Y,N,,,,,2
170,Y,P,C,S,Y,N,,,,,3
170,N,,,,,Y,P,C,S,Y,4
170,Y,P,P,S,N,Y,P,C,M,Y,6
171,Y,S,C,S,Y,N,,,,,1
171,Y,P,C,M,Y,N,,,,,5
171,Y,S,C,S,Y,N,,,,,7
171,Y,P,C,M,N,N,,,,,2
171,Y,S,C,M,Y,N,,,,,3
171,Y,P,C,M,Y,Y,P,P,M,N,4
171,Y,P,C,M,Y,N,,,,,6
172,Y,SNL,C,S,N,N,,,,,1
172,Y,SNL,C,S,N,N,,,,,5
172,Y,SNL,C,S,N,N,,,,,7
172,Y,SNL,C,S,N,N,,,,,2
172,Y,P,P,S,Y,N,,,,,3
172,Y,SNL,C,S,N,N,,,,,4
172,Y,SNL,C,S,N,N,,,,,6
173,Y,S,C,S,N,N,,,,,1
173,Y,S,P,S,N,N,,,,,5
173,Y,P,C,S,N,N,,,,,7
173,Y,S,C,S,N,N,,,,,2
173,Y,P,C,S,N,N,,,,,3
173,Y,S,C,S,N,N,,,,,4
173,Y,P,C,S,N,N,,,,,6
174,Y,S,C,S,N,N,,,,,1
174,Y,S,P,S,N,N,,,,,5
174,Y,S,C,S,N,N,,,,,7
174,Y,S,C,S,N,N,,,,,2
174,N,,,,,N,,,,,3
174,Y,S,C,S,N,N,,,,,4
174,N,,,,,N,,,,,6
175,Y,S,C,S,N,N,,,,,1
175,Y,S,P,S,N,N,,,,,5
175,Y,P,C,S,N,N,,,,,7
175,Y,S,C,S,N,N,,,,,2
175,Y,P,C,S,N,N,,,,,3
175,Y,P,C,S,N,N,,,,,4
175,Y,P,C,S,N,N,,,,,6
176,Y,P,C,S,N,N,,,,,1
176,Y,S,C,S,N,N,,,,,5
176,Y,P,C,S,N,N,,,,,7
176,Y,S,C,S,N,N,,,,,2
176,Y,P,C,S,N,N,,,,,3
176,Y,P,C,S,N,N,,,,,4
176,Y,P,C,S,N,N,,,,,6
177,Y,SNL,C,S,N,N,,,,,1
177,Y,SNL,C,S,N,N,,,,,5
177,Y,SNL,C,S,N,N,,,,,7
177,Y,SNL,C,S,N,N,,,,,2
177,Y,P,C,S,N,N,,,,,3
177,Y,SNL,C,S,N,N,,,,,4
177,Y,SNL,C,S,N,Y,S,C,S,Y,6
178,N,,,,,N,,,,,1
178,N,,,,,Y,S,C,S,N,5
178,N,,,,,Y,S,P,S,Y,7
178,N,,,,,Y,P,P,S,Y,2
178,Y,P,C,S,N,Y,P,C,S,N,3
178,Y,P,P,S,N,Y,S,C,S,N,4
178,Y,P,P,M,N,N,,,,,6
179,Y,P,C,S,N,N,,,,,1
179,Y,P,P,S,N,N,,,,,5
179,Y,P,C,S,N,N,,,,,7
179,Y,P,C,S,N,N,,,,,2
179,Y,P,C,S,N,N,,,,,3
179,Y,P,C,S,N,N,,,,,4
179,Y,P,C,S,N,N,,,,,6
180,Y,S,C,S,N,N,,,,,1
180,Y,SNL,P,S,N,N,,,,,5
180,Y,P,P,S,N,N,,,,,7
180,Y,S,C,S,N,N,,,,,2
180,Y,P,C,S,N,N,,,,,3
180,Y,S,C,S,N,N,,,,,4
180,Y,S,C,S,N,N,,,,,6
181,Y,SNL,C,M,N,N,,,,,1
181,Y,SNL,P,S,N,N,,,,,5
181,Y,S,P,M,N,N,,,,,7
181,Y,SNL,P,S,N,N,,,,,2
181,Y,P,P,S,N,N,,,,,3
181,Y,SNL,P,M,N,Y,SNL,P,M,N,4
181,N,,,,,N,,,,,6
182,Y,P,C,S,N,N,,,,,1
182,Y,P,C,S,N,N,,,,,5
182,Y,P,C,M,N,N,,,,,7
182,Y,P,C,S,N,N,,,,,2
182,Y,P,C,S,N,N,,,,,3
182,Y,P,C,S,N,N,,,,,4
182,Y,P,C,S,N,N,,,,,6
183,Y,SNL,C,S,N,N,,,,,1
183,Y,SNL,P,S,N,N,,,,,5
183,Y,P,C,S,Y,N,,,,,7
183,Y,SNL,C,S,N,N,,,,,2
183,Y,P,C,S,Y,N,,,,,3
183,Y,S,C,S,N,N,,,,,4
183,N,,,,,N,,,,,6
184,N,,,,,N,,,,,1
184,N,,,,,N,,,,,5
184,Y,S,C,S,N,N,,,,,7
184,N,,,,,N,,,,,2
184,N,,,,,N,,,,,3
184,Y,S,C,M,N,N,,,,,4
184,N,,,,,N,,,,,6
185,Y,S,C,S,N,N,,,,,1
185,Y,P,C,S,N,N,,,,,5
185,Y,S,C,S,N,N,,,,,7
185,Y,S,C,S,N,N,,,,,2
185,Y,S,C,S,N,N,,,,,3
185,Y,S,C,M,N,N,,,,,4
185,Y,S,P,M,N,N,,,,,6
186,N,,,,,N,,,,,1
186,Y,P,C,S,N,Y,S,P,S,N,5
186,Y,P,C,S,N,N,,,,,7
186,Y,S,P,S,N,N,,,,,2
186,Y,P,P,S,N,Y,S,C,S,Y,3
186,Y,S,P,S,N,Y,S,P,S,N,4
186,Y,S,C,S,N,N,,,,,6
187,Y,SNL,C,S,N,N,,,,,1
187,Y,SNL,P,S,N,N,,,,,5
187,Y,SNL,C,S,Y,N,,,,,7
187,Y,S,C,S,N,N,,,,,2
187,Y,P,C,S,Y,Y,S,C,S,Y,3
187,Y,SNL,C,S,Y,Y,S,P,S,N,4
187,Y,SNL,P,S,N,N,,,,,6
188,Y,P,C,S,N,N,,,,,1
188,Y,P,C,S,N,N,,,,,5
188,Y,P,C,S,N,N,,,,,7
188,Y,P,C,S,N,N,,,,,2
188,Y,P,C,S,N,N,,,,,3
188,Y,P,C,S,N,N,,,,,4
188,Y,P,C,S,N,N,,,,,6
189,Y,S,C,S,N,N,,,,,1
189,Y,P,C,M,Y,N,,,,,5
189,Y,S,C,M,Y,N,,,,,7
189,Y,P,C,M,N,N,,,,,2
189,Y,S,C,M,Y,N,,,,,3
189,Y,P,C,M,Y,N,,,,,4
189,Y,P,C,S,Y,N,,,,,6
190,N,,,,,N,,,,,1
190,N,,,,,N,,,,,5
190,N,,,,,Y,S,C,M,Y,7
190,N,,,,,N,,,,,2
190,N,,,,,N,,,,,3
190,N,,,,,Y,A,P,M,N,4
190,N,,,,,N,,,,,6
191,Y,A,C,S,Y,N,,,,,1
191,Y,A,C,S,Y,N,,,,,5
191,Y,P,C,S,Y,N,,,,,7
191,Y,S,C,S,Y,N,,,,,2
191,Y,P,C,S,Y,N,,,,,3
191,Y,A,C,S,Y,N,,,,,4
191,Y,A,C,S,Y,N,,,,,6
192,N,,,,,N,,,,,1
192,N,,,,,N,,,,,5
192,Y,S,C,S,N,N,,,,,7
192,N,,,,,N,,,,,2
192,Y,P,C,S,N,N,,,,,3
192,Y,S,P,M,N,N,,,,,4
192,N,,,,,N,,,,,6
193,N,,,,,N,,,,,1
193,N,,,,,N,,,,,5
193,N,,,,,N,,,,,7
193,N,,,,,N,,,,,2
193,N,,,,,N,,,,,3
193,Y,S,P,M,N,N,,,,,4
193,N,,,,,N,,,,,6
194,N,,,,,Y,S,C,S,Y,1
194,N,,,,,Y,S,C,M,Y,5
194,N,,,,,Y,S,C,S,Y,7
194,N,,,,,Y,P,C,M,Y,2
194,N,,,,,Y,S,C,S,Y,3
194,N,,,,,Y,P,C,M,Y,4
194,N,,,,,Y,P,C,M,Y,6
195,N,,,,,N,,,,,1
195,N,,,,,N,,,,,5
195,N,,,,,N,,,,,7
195,N,,,,,N,,,,,2
195,N,,,,,Y,S,C,S,N,3
195,N,,,,,N,,,,,4
195,N,,,,,N,,,,,6
196,Y,A,C,S,Y,N,,,,,1
196,Y,A,C,S,Y,N,,,,,5
196,Y,P,C,S,Y,N,,,,,7
196,Y,A,C,S,N,N,,,,,2
196,Y,P,C,S,Y,N,,,,,3
196,Y,A,C,M,Y,N,,,,,4
196,Y,A,C,M,N,N,,,,,6
197,Y,A,C,S,N,N,,,,,1
197,Y,A,C,M,N,N,,,,,5
197,Y,A,C,S,N,N,,,,,7
197,Y,A,C,S,N,N,,,,,2
197,Y,P,C,S,N,N,,,,,3
197,Y,A,C,M,N,N,,,,,4
197,Y,A,C,M,N,N,,,,,6
198,N,,,,,Y,A,C,M,Y,1
198,N,,,,,Y,P,C,M,Y,5
198,N,,,,,Y,P,C,M,Y,7
198,N,,,,,Y,P,C,M,Y,2
198,Y,P,P,M,Y,N,,,,,3
198,N,,,,,Y,A,C,M,Y,4
198,N,,,,,Y,A,C,M,Y,6
199,Y,A,C,S,N,N,,,,,1
199,Y,A,C,S,N,N,,,,,5
199,Y,A,C,M,N,N,,,,,7
199,Y,A,C,S,N,N,,,,,2
199,Y,P,C,S,N,N,,,,,3
199,Y,A,C,S,N,N,,,,,4
199,Y,A,C,M,N,N,,,,,6
200,N,,,,,N,,,,,1
200,N,,,,,N,,,,,5
200,N,,,,,Y,SNL,C,M,Y,7
200,N,,,,,Y,P,C,M,N,2
200,N,,,,,N,,,,,3
200,N,,,,,Y,SNL,P,M,N,4
200,N,,,,,N,,,,,6
201,N,,,,,N,,,,,1
201,N,,,,,N,,,,,5
201,N,,,,,N,,,,,7
201,Y,S,C,S,N,N,,,,,2
201,N,,,,,N,,,,,3
201,Y,S,P,M,N,N,,,,,4
201,N,,,,,N,,,,,6
202,N,,,,,N,,,,,1
202,N,,,,,N,,,,,5
202,N,,,,,N,,,,,7
202,N,,,,,N,,,,,2
202,N,,,,,N,,,,,3
202,N,,,,,Y,A,P,M,Y,4
202,N,,,,,N,,,,,6
203,Y,A,C,S,N,N,,,,,1
203,Y,A,C,S,N,N,,,,,5
203,Y,A,C,M,N,N,,,,,7
203,Y,S,P,S,N,N,,,,,2
203,Y,P,C,S,Y,N,,,,,3
203,Y,S,C,M,N,N,,,,,4
203,Y,A,C,M,N,N,,,,,6
204,N,,,,,N,,,,,1
204,Y,A,C,S,N,N,,,,,5
204,Y,A,C,S,N,N,,,,,7
204,N,,,,,N,,,,,2
204,N,,,,,N,,,,,3
204,N,,,,,N,,,,,4
204,N,,,,,N,,,,,6
205,Y,SNL,C,S,N,N,,,,,1
205,Y,S,C,S,N,N,,,,,5
205,N,,,,,N,,,,,7
205,Y,SNL,P,S,N,N,,,,,2
205,Y,P,P,S,N,N,,,,,3
205,Y,S,C,M,N,Y,SNL,P,M,Y,4
205,N,,,,,N,,,,,6
206,N,,,,,N,,,,,1
206,Y,S,P,M,N,N,,,,,5
206,N,,,,,N,,,,,7
206,N,,,,,N,,,,,2
206,N,,,,,N,,,,,3
206,Y,S,P,M,N,N,,,,,4
206,N,,,,,N,,,,,6
207,N,,,,,N,,,,,1
207,N,,,,,N,,,,,5
207,Y,P,C,M,N,N,,,,,7
207,N,,,,,N,,,,,2
207,N,,,,,N,,,,,3
207,Y,S,P,M,N,Y,S,C,M,N,4
207,N,,,,,N,,,,,6
208,N,,,,,N,,,,,1
208,Y,A,C,S,N,N,,,,,5
208,N,,,,,N,,,,,7
208,N,,,,,N,,,,,2
208,N,,,,,Y,P,C,M,N,3
208,Y,A,P,M,Y,Y,A,C,M,N,4
208,Y,A,P,S,N,N,,,,,6
209,Y,S,C,M,N,N,,,,,1
209,Y,S,P,M,Y,N,,,,,5
209,Y,S,C,M,Y,N,,,,,7
209,N,,,,,N,,,,,2
209,Y,S,C,M,Y,N,,,,,3
209,Y,P,C,M,Y,N,,,,,4
209,Y,P,C,M,Y,N,,,,,6
210,Y,S,C,S,N,N,,,,,1
210,Y,S,C,S,N,N,,,,,5
210,Y,S,C,S,N,N,,,,,7
210,Y,S,C,S,N,N,,,,,2
210,Y,P,C,S,N,N,,,,,3
210,Y,S,C,S,N,N,,,,,4
210,Y,S,C,S,N,N,,,,,6
211,N,,,,,N,,,,,1
211,N,,,,,N,S,P,M,N,5
211,N,,,,,N,,,,,7
211,N,,,,,Y,P,C,M,Y,2
211,N,,,,,Y,S,C,S,N,3
211,N,,,,,Y,SNL,C,M,N,4
211,N,,,,,N,,,,,6
212,Y,P,C,S,N,N,,,,,1
212,Y,P,P,M,Y,N,,,,,5
212,N,,,,,N,,,,,7
212,Y,P,P,S,N,Y,P,C,M,Y,2
212,Y,P,C,S,N,Y,P,C,M,Y,3
212,Y,P,C,S,N,N,,,,,4
212,Y,P,P,S,N,N,,,,,6
213,Y,S,C,S,Y,N,,,,,1
213,N,,,,,Y,S,C,M,Y,5
213,Y,S,C,M,Y,N,,,,,7
213,Y,P,C,M,N,N,,,,,2
213,Y,S,C,M,N,Y,S,C,M,Y,3
213,Y,P,C,M,Y,Y,S,C,M,Y,4
213,Y,P,C,S,N,N,,,,,6
214,N,,,,,Y,S,C,S,Y,1
214,N,,,,,Y,S,C,S,Y,5
214,N,,,,,Y,S,C,M,Y,7
214,N,,,,,Y,P,C,S,Y,2
214,N,,,,,Y,S,C,M,Y,3
214,N,,,,,Y,P,C,M,Y,4
214,N,,,,,Y,P,C,M,Y,6
215,N,,,,,N,,,,,1
215,N,,,,,N,,,,,5
215,Y,S,C,M,N,N,,,,,7
215,,,,,,Y,S,C,S,Y,2
215,N,,,,,Y,S,C,S,N,3
215,N,,,,,Y,S,C,M,Y,4
215,N,,,,,Y,S,C,M,Y,6
216,Y,S,C,S,N,N,,,,,1
216,Y,S,C,S,Y,Y,S,P,S,N,5
216,N,,,,,N,,,,,7
216,N,,,,,N,,,,,2
216,N,,,,,N,,,,,3
216,Y,S,C,S,N,Y,P,P,M,N,4
216,Y,S,C,M,N,N,,,,,6
217,Y,S,C,M,Y,N,,,,,1
217,Y,S,C,M,Y,N,,,,,5
217,Y,S,C,M,Y,N,,,,,7
217,Y,P,C,M,Y,N,,,,,2
217,Y,S,P,M,Y,N,,,,,3
217,Y,P,C,M,Y,N,,,,,4
217,Y,S,C,M,Y,N,,,,,6
218,Y,S,C,S,Y,N,,,,,1
218,Y,S,C,M,Y,N,,,,,5
218,Y,S,C,M,N,N,,,,,7
218,Y,P,C,S,Y,N,,,,,2
218,Y,S,C,S,Y,N,,,,,3
218,Y,P,C,M,Y,N,,,,,4
218,Y,P,C,S,Y,N,,,,,6
219,N,,,,,Y,P,C,M,Y,1
219,N,,,,,Y,P,C,M,N,5
219,N,,,,,Y,S,C,S,Y,7
219,N,,,,,Y,P,C,M,Y,2
219,N,,,,,N,,,,,3
219,N,,,,,Y,P,C,M,Y,4
219,N,,,,,Y,P,C,M,Y,6
220,N,,,,,N,,,,,1
220,N,,,,,N,,,,,5
220,N,,,,,N,,,,,7
220,N,,,,,N,,,,,2
220,N,,,,,N,,,,,3
220,N,,,,,Y,SNL,P,M,N,4
220,N,,,,,N,,,,,6
221,Y,S,C,S,Y,N,,,,,1
221,Y,S,C,M,Y,N,,,,,5
221,Y,S,C,M,Y,N,,,,,7
221,Y,P,C,S,Y,N,,,,,2
221,Y,S,C,M,Y,N,,,,,3
221,Y,P,C,M,Y,N,,,,,4
221,Y,P,C,M,Y,N,,,,,6
222,Y,S,C,M,Y,N,,,,,1
222,Y,S,C,M,N,N,,,,,5
222,Y,S,C,M,Y,N,,,,,7
222,N,,,,,N,,,,,2
222,N,,,,,Y,S,C,M,N,3
222,N,,,,,Y,SNL,C,S,N,4
222,Y,S,C,M,N,N,,,,,6
223,Y,S,C,S,Y,N,,,,,1
223,Y,S,C,S,Y,N,,,,,5
223,N,,,,,Y,S,C,S,Y,7
223,Y,S,P,S,Y,N,,,,,2
223,Y,P,C,S,Y,N,,,,,3
223,Y,S,C,S,Y,Y,S,P,M,Y,4
223,Y,S,C,S,Y,N,,,,,6
